{"cameraMode":{"drawMode":0,"name":"Shaded","section":"Shading Mode"},"sceneLighting":false,"audioPlay":false,"sceneViewState":{"showFog":true,"showMaterialUpdate":false,"showSkybox":false,"showFlares":true,"showImageEffects":true,"showParticleSystems":true,"showVisualEffectGraphs":true,"m_FxEnabled":true},"in2DMode":false,"pivot":{"x":9.538224220275879,"y":-1.9965226650238038,"z":9.183235168457032},"rotation":{"x":0.008312222547829152,"y":-0.8034165501594544,"z":0.5954534411430359,"w":0.011273527517914772},"size":0.5225286483764648,"orthographic":false}