{"cameraMode":{"drawMode":0,"name":"Shaded","section":"Shading Mode"},"sceneLighting":true,"audioPlay":false,"sceneViewState":{"showFog":true,"showMaterialUpdate":false,"showSkybox":false,"showFlares":true,"showImageEffects":true,"showParticleSystems":true,"showVisualEffectGraphs":true,"m_FxEnabled":true},"in2DMode":false,"pivot":{"x":-0.096000075340271,"y":0.6772247552871704,"z":1.0673999786376954},"rotation":{"x":-0.0002191806270275265,"y":0.9673420190811157,"z":-0.25403499603271487,"w":-0.0007380638271570206},"size":2.605969190597534,"orthographic":false}