{"cameraMode":{"drawMode":0,"name":"Shaded","section":"Shading Mode"},"sceneLighting":true,"audioPlay":false,"sceneViewState":{"showFog":true,"showMaterialUpdate":false,"showSkybox":true,"showFlares":true,"showImageEffects":true,"showParticleSystems":true,"showVisualEffectGraphs":true,"m_FxEnabled":true},"in2DMode":false,"pivot":{"x":-14.080184936523438,"y":0.9162023067474365,"z":2.7976510524749758},"rotation":{"x":0.12430715560913086,"y":-0.6405714750289917,"z":0.10561943799257279,"w":0.750665545463562},"size":1.6624770164489747,"orthographic":false}